-- MySQL Script generated by MySQL Workbench
-- Tue Nov 25 01:02:09 2025
-- Model: New Model    Version: 1.0
-- MySQL Workbench Forward Engineering

SET @OLD_UNIQUE_CHECKS=@@UNIQUE_CHECKS, UNIQUE_CHECKS=0;
SET @OLD_FOREIGN_KEY_CHECKS=@@FOREIGN_KEY_CHECKS, FOREIGN_KEY_CHECKS=0;
SET @OLD_SQL_MODE=@@SQL_MODE, SQL_MODE='TRADITIONAL,ALLOW_INVALID_DATES';

-- -----------------------------------------------------
-- Schema mydb
-- -----------------------------------------------------

-- -----------------------------------------------------
-- Schema mydb
-- -----------------------------------------------------
CREATE SCHEMA IF NOT EXISTS `mydb` DEFAULT CHARACTER SET utf8 ;
USE `mydb` ;

-- -----------------------------------------------------
-- Table `mydb`.`CONGRESSO`
-- -----------------------------------------------------
CREATE TABLE IF NOT EXISTS `mydb`.`CONGRESSO` (
  `ID_CONGRESSO` INT UNSIGNED NOT NULL,
  `NOME_CONGRESSO` VARCHAR(100) NOT NULL,
  PRIMARY KEY (`ID_CONGRESSO`))
ENGINE = InnoDB;


-- -----------------------------------------------------
-- Table `mydb`.`GRUPO_TRABALHO`
-- -----------------------------------------------------
CREATE TABLE IF NOT EXISTS `mydb`.`GRUPO_TRABALHO` (
  `ID_GRUPO_TRABALHO` INT UNSIGNED NOT NULL,
  `NOME_GRUPO_TRABALHO` VARCHAR(100) NOT NULL,
  PRIMARY KEY (`ID_GRUPO_TRABALHO`))
ENGINE = InnoDB;


-- -----------------------------------------------------
-- Table `mydb`.`CONGRESSO_has_GRUPO_TRABALHO`
-- -----------------------------------------------------
CREATE TABLE IF NOT EXISTS `mydb`.`CONGRESSO_has_GRUPO_TRABALHO` (
  `CONGRESSO_ID_CONGRESSO` INT UNSIGNED NOT NULL,
  `GRUPO_TRABALHO_ID_GRUPO_TRABALHO` INT UNSIGNED NOT NULL,
  PRIMARY KEY (`CONGRESSO_ID_CONGRESSO`, `GRUPO_TRABALHO_ID_GRUPO_TRABALHO`),
  INDEX `fk_CONGRESSO_has_GRUPO_TRABALHO_GRUPO_TRABALHO1_idx` (`GRUPO_TRABALHO_ID_GRUPO_TRABALHO` ASC),
  INDEX `fk_CONGRESSO_has_GRUPO_TRABALHO_CONGRESSO_idx` (`CONGRESSO_ID_CONGRESSO` ASC),
  CONSTRAINT `fk_CONGRESSO_has_GRUPO_TRABALHO_CONGRESSO`
    FOREIGN KEY (`CONGRESSO_ID_CONGRESSO`)
    REFERENCES `mydb`.`CONGRESSO` (`ID_CONGRESSO`)
    ON DELETE NO ACTION
    ON UPDATE NO ACTION,
  CONSTRAINT `fk_CONGRESSO_has_GRUPO_TRABALHO_GRUPO_TRABALHO1`
    FOREIGN KEY (`GRUPO_TRABALHO_ID_GRUPO_TRABALHO`)
    REFERENCES `mydb`.`GRUPO_TRABALHO` (`ID_GRUPO_TRABALHO`)
    ON DELETE NO ACTION
    ON UPDATE NO ACTION)
ENGINE = InnoDB;


-- -----------------------------------------------------
-- Table `mydb`.`ARTIGO`
-- -----------------------------------------------------
CREATE TABLE IF NOT EXISTS `mydb`.`ARTIGO` (
  `ID_ARTIGO` INT UNSIGNED NOT NULL,
  `TITULO_ARTIGO` VARCHAR(200) NOT NULL,
  `CONGRESSO_ID_CONGRESSO` INT UNSIGNED NOT NULL,
  PRIMARY KEY (`ID_ARTIGO`),
  INDEX `fk_ARTIGO_CONGRESSO1_idx` (`CONGRESSO_ID_CONGRESSO` ASC),
  CONSTRAINT `fk_ARTIGO_CONGRESSO1`
    FOREIGN KEY (`CONGRESSO_ID_CONGRESSO`)
    REFERENCES `mydb`.`CONGRESSO` (`ID_CONGRESSO`)
    ON DELETE NO ACTION
    ON UPDATE NO ACTION)
ENGINE = InnoDB;


-- -----------------------------------------------------
-- Table `mydb`.`AUTOR`
-- -----------------------------------------------------
CREATE TABLE IF NOT EXISTS `mydb`.`AUTOR` (
  `ID_AUTOR` INT UNSIGNED NOT NULL,
  `NOME_AUTOR` VARCHAR(45) NOT NULL,
  PRIMARY KEY (`ID_AUTOR`))
ENGINE = InnoDB;


-- -----------------------------------------------------
-- Table `mydb`.`AUTOR_has_ARTIGO`
-- -----------------------------------------------------
CREATE TABLE IF NOT EXISTS `mydb`.`AUTOR_has_ARTIGO` (
  `AUTOR_ID_AUTOR` INT UNSIGNED NOT NULL,
  `ARTIGO_ID_ARTIGO` INT UNSIGNED NOT NULL,
  PRIMARY KEY (`AUTOR_ID_AUTOR`, `ARTIGO_ID_ARTIGO`),
  INDEX `fk_AUTOR_has_ARTIGO_ARTIGO1_idx` (`ARTIGO_ID_ARTIGO` ASC),
  INDEX `fk_AUTOR_has_ARTIGO_AUTOR1_idx` (`AUTOR_ID_AUTOR` ASC),
  CONSTRAINT `fk_AUTOR_has_ARTIGO_AUTOR1`
    FOREIGN KEY (`AUTOR_ID_AUTOR`)
    REFERENCES `mydb`.`AUTOR` (`ID_AUTOR`)
    ON DELETE NO ACTION
    ON UPDATE NO ACTION,
  CONSTRAINT `fk_AUTOR_has_ARTIGO_ARTIGO1`
    FOREIGN KEY (`ARTIGO_ID_ARTIGO`)
    REFERENCES `mydb`.`ARTIGO` (`ID_ARTIGO`)
    ON DELETE NO ACTION
    ON UPDATE NO ACTION)
ENGINE = InnoDB;


SET SQL_MODE=@OLD_SQL_MODE;
SET FOREIGN_KEY_CHECKS=@OLD_FOREIGN_KEY_CHECKS;
SET UNIQUE_CHECKS=@OLD_UNIQUE_CHECKS;

INSERT INTO CONGRESSO (ID_CONGRESSO, NOME_CONGRESSO)
VALUES
(1, 'Congresso de Tecnologia'),
(2, 'Congresso de Educação');

INSERT INTO GRUPO_TRABALHO (ID_GRUPO_TRABALHO, NOME_GRUPO_TRABALHO)
VALUES
(1, 'IA e Machine Learning'),
(2, 'Robótica'),
(3, 'Metodologias de Ensino');

INSERT INTO CONGRESSO_has_GRUPO_TRABALHO (CONGRESSO_ID_CONGRESSO, GRUPO_TRABALHO_ID_GRUPO_TRABALHO)
VALUES
(1, 1),  -- Tec + IA
(1, 2),  -- Tec + Robótica
(2, 3);  -- Educação + Metodologias

INSERT INTO ARTIGO (ID_ARTIGO, TITULO_ARTIGO, CONGRESSO_ID_CONGRESSO)
VALUES
(1, 'Aplicações de IA no Século XXI', 1),
(2, 'Automação com Robôs Autônomos', 1),
(3, 'Novas Técnicas de Ensino Híbrido', 2);

INSERT INTO AUTOR (ID_AUTOR, NOME_AUTOR)
VALUES
(1, 'Carlos Alberto'),
(2, 'Mariana Silva'),
(3, 'Rogério Andrade');

INSERT INTO AUTOR_has_ARTIGO (AUTOR_ID_AUTOR, ARTIGO_ID_ARTIGO)
VALUES
(1, 1),  -- Carlos escreveu o artigo 1
(2, 1),  -- Mariana co-autora
(2, 2),  -- Mariana escreveu o artigo 2
(3, 3);  -- Rogério escreveu o artigo 3

SELECT * FROM CONGRESSO;
SELECT * FROM GRUPO_TRABALHO;
SELECT * FROM ARTIGO;
SELECT * FROM AUTOR;
SELECT * FROM CONGRESSO_has_GRUPO_TRABALHO;
SELECT * FROM AUTOR_has_ARTIGO;





